id;firstname;lastname;phone;email
8d24407c-f8c8-4a85-948a-fc9eeeeebb47;"vGUm F";" y";1-581-249-1789 x94938;Alysson47@hotmail.com
ebaf9201-084e-452f-97f0-fd0c291786fa;"UYjk";"E ";(438) 663-9756;Lilian93@hotmail.com
2422c70f-346d-475a-9f07-ddf95ade4531;"ogEMq";"NHBdi";812.654.9399 x0470;Gerry18@hotmail.com
ef147aa2-b7af-47f4-b38e-3cec9570a552;"GGnWV";"ilA C";276.230.5968 x2953;Brenda24@gmail.com
f7332dae-781b-42d5-bb34-f9737ea0b9e6;"C";"jSXJDQ";(446) 670-9792 x63262;Jerry.Aufderhar@gmail.com
8f88e65c-a8a9-431a-a589-d52bb9908f5f;"mEotaC";"A";1-374-519-1198 x14462;Sheridan.Davis99@gmail.com
18fc032c-0129-44e6-a50b-9aa20366ea97;"mGND";"NkRuo";(317) 407-6552 x0486;Isabel41@gmail.com
13a44128-eae5-4d37-be43-45049a3cf683;" h";"pKCNv";1-405-765-3192;Clay.Ernser40@yahoo.com
371869ea-868a-42b4-b6be-3693175264d1;"yvaS e";"j";799.202.2638;Carissa12@yahoo.com
f6c02bb0-eb63-4bf2-a488-7c5a56c0143c;"stHU";"cZw";(212) 566-4191;Beryl31@hotmail.com
